subject_race,stops,searches,hits,search_rate_%,hit_rate_%,agency
asian/pacific islander,27506,750,156,2.726677815749291,20.8,nc_charlotte_2020_04_01
black,796085,62486,16745,7.8491618357336215,26.798002752616583,nc_charlotte_2020_04_01
hispanic,162698,9949,1734,6.115010633197704,17.428887325359334,nc_charlotte_2020_04_01
other,896,59,16,6.584821428571429,27.11864406779661,nc_charlotte_2020_04_01
unknown,24727,481,104,1.9452420431107695,21.62162162162162,nc_charlotte_2020_04_01
white,586541,19157,5092,3.266097340168889,26.58036226966644,nc_charlotte_2020_04_01
