subject_race,stops,searches,hits,search_rate_%,hit_rate_%,agency
asian/pacific islander,4935,76,14,1.5400202634245188,18.421052631578945,nc_durham_2020_04_01
black,180851,15382,4203,8.505344178356768,27.324145104667792,nc_durham_2020_04_01
hispanic,38968,2625,435,6.7362964483678915,16.57142857142857,nc_durham_2020_04_01
other,1263,35,9,2.771179730799683,25.71428571428571,nc_durham_2020_04_01
unknown,2591,66,14,2.5472790428406022,21.21212121212121,nc_durham_2020_04_01
white,97415,3522,957,3.615459631473592,27.17206132879046,nc_durham_2020_04_01
