subject_race,stops,searches,hits,search_rate_%,hit_rate_%,agency
asian/pacific islander,5711,95,30,1.6634564874803013,31.57894736842105,nc_fayetteville_2020_04_01
black,274013,17746,4747,6.476335064394754,26.749690071001915,nc_fayetteville_2020_04_01
hispanic,28303,1018,191,3.5967918595201924,18.762278978389,nc_fayetteville_2020_04_01
other,5000,370,105,7.3999999999999995,28.37837837837838,nc_fayetteville_2020_04_01
unknown,3448,105,23,3.0452436194895594,21.904761904761905,nc_fayetteville_2020_04_01
white,170523,5893,1444,3.4558388018038624,24.50364839640251,nc_fayetteville_2020_04_01
