subject_race,stops,searches,hits,search_rate_%,hit_rate_%,agency
asian/pacific islander,10401,258,65,2.480530718200173,25.1937984496124,nc_greensboro_2020_04_01
black,299893,20654,6091,6.8871230738963565,29.490655563087053,nc_greensboro_2020_04_01
hispanic,27929,1828,377,6.545168104837266,20.62363238512035,nc_greensboro_2020_04_01
other,2344,96,23,4.09556313993174,23.958333333333336,nc_greensboro_2020_04_01
unknown,5886,199,57,3.380903839619436,28.643216080402013,nc_greensboro_2020_04_01
white,253574,8901,2665,3.5102179245506244,29.940456128524882,nc_greensboro_2020_04_01
