subject_race,stops,searches,hits,search_rate_%,hit_rate_%,agency
asian/pacific islander,15349,225,30,1.465893543553326,13.333333333333334,nc_raleigh_2020_04_01
black,383628,19395,3198,5.05567893897213,16.48878576952823,nc_raleigh_2020_04_01
hispanic,87460,4568,359,5.222959067002058,7.859019264448336,nc_raleigh_2020_04_01
other,555,30,6,5.405405405405405,20.0,nc_raleigh_2020_04_01
unknown,8089,146,19,1.804920262084312,13.013698630136986,nc_raleigh_2020_04_01
white,361319,8926,1270,2.4703931982541745,14.228097692135336,nc_raleigh_2020_04_01
