subject_race,stops,searches,hits,search_rate_%,hit_rate_%,agency
asian/pacific islander,40245,1128,251,2.802832650018636,22.25177304964539,pa_philadelphia_2020_04_01
black,1244249,79661,21929,6.402335866856232,27.52789947402117,pa_philadelphia_2020_04_01
hispanic,184184,14042,4782,7.623897841289145,34.05497792337274,pa_philadelphia_2020_04_01
other,5598,187,25,3.3404787424080027,13.368983957219251,pa_philadelphia_2020_04_01
unknown,14958,590,136,3.944377590586977,23.050847457627118,pa_philadelphia_2020_04_01
white,375862,20847,6107,5.546450558981754,29.294382884827552,pa_philadelphia_2020_04_01
