subject_race,stops,searches,hits,search_rate_%,hit_rate_%,agency
asian/pacific islander,176,47,0,26.704545454545453,0.0,ct_hartford_2020_04_01
black,7104,2037,35,28.673986486486484,1.718213058419244,ct_hartford_2020_04_01
hispanic,5073,1389,25,27.38024837374335,1.7998560115190785,ct_hartford_2020_04_01
other,29,10,0,34.48275862068966,0.0,ct_hartford_2020_04_01
white,6057,1705,21,28.149248803037807,1.2316715542521994,ct_hartford_2020_04_01
