subject_race,stops,searches,hits,search_rate_%,hit_rate_%,agency
asian/pacific islander,20892,383,53,1.8332376029102049,13.838120104438643,ct_statewide_2020_04_01
black,162138,11807,2354,7.282068361519199,19.93732531549081,ct_statewide_2020_04_01
hispanic,141613,9833,1869,6.943571564757472,19.007423980473913,ct_statewide_2020_04_01
other,6401,105,15,1.6403686923918137,14.285714285714285,ct_statewide_2020_04_01
white,844295,23868,6599,2.8269739842116794,27.647896765543823,ct_statewide_2020_04_01
