subject_race,stops,searches,hits,search_rate_%,hit_rate_%,agency
asian/pacific islander,3793,205,41,5.404692855259689,20.0,la_new_orleans_2020_04_01
black,349819,57940,11438,16.56285107441277,19.741111494649637,la_new_orleans_2020_04_01
hispanic,13491,1668,164,12.363798087613965,9.832134292565947,la_new_orleans_2020_04_01
other,342,29,5,8.47953216374269,17.24137931034483,la_new_orleans_2020_04_01
unknown,3214,188,34,5.8494088363410075,18.085106382978726,la_new_orleans_2020_04_01
white,129703,15296,2463,11.79309653593209,16.102248953974897,la_new_orleans_2020_04_01
