subject_race,stops,searches,hits,search_rate_%,hit_rate_%,agency
asian/pacific islander,41668,833,144,1.999136027647115,17.286914765906364,tn_nashville_2020_04_01
black,1165871,67985,14752,5.831262635403059,21.69890417003751,tn_nashville_2020_04_01
hispanic,164814,10165,1231,6.167558581188491,12.110181997048697,tn_nashville_2020_04_01
other,10397,243,50,2.3372126574973553,20.5761316872428,tn_nashville_2020_04_01
unknown,36878,590,97,1.5998698410976735,16.440677966101696,tn_nashville_2020_04_01
white,1670873,47826,9971,2.862336036311557,20.848492451804457,tn_nashville_2020_04_01
